shock,var,h,med,p10,p90
fiscal_expansion,infl_q_ann,0,1.5193909504802168,-3.6566101488719953,10.144613895263255
fiscal_expansion,infl_q_ann,1,0.6999202157816145,0.12252701725475391,2.319765063465769
fiscal_expansion,infl_q_ann,2,1.1251561998015416,0.21748521140379373,3.445991194886196
fiscal_expansion,infl_q_ann,3,0.9041035885902178,0.361326826205686,2.142005600654698
fiscal_expansion,infl_q_ann,4,0.9295457706393924,0.3929146341675401,2.2524047667582163
fiscal_expansion,infl_q_ann,5,0.761267894450032,0.21592159536279518,1.84510519577972
fiscal_expansion,infl_q_ann,6,0.6660261522269013,0.1544568159729553,1.712050478545195
fiscal_expansion,infl_q_ann,7,0.5216389877189868,0.020746071725077902,1.4537463608953627
fiscal_expansion,infl_q_ann,8,0.42811324606458123,-0.08799681385263108,1.3540703257427111
fiscal_expansion,infl_q_ann,9,0.3445254327471262,-0.20586426680858488,1.1897296901881353
fiscal_expansion,infl_q_ann,10,0.26736724974791715,-0.270185146328227,1.078696496149724
fiscal_expansion,infl_q_ann,11,0.2038770267045748,-0.32340065354813735,0.9732838002749621
fiscal_expansion,infl_q_ann,12,0.15168927633575316,-0.3915176001243139,0.8165835213341788
fiscal_expansion,infl_q_ann,13,0.09661450139496008,-0.43815179183421427,0.7059013351593436
fiscal_expansion,infl_q_ann,14,0.05531256050011174,-0.5315896022469306,0.6129663994563171
fiscal_expansion,infl_q_ann,15,0.011507963745025981,-0.5593939216700928,0.573566156018384
fiscal_expansion,infl_q_ann,16,-0.014489384096425775,-0.5947469999563962,0.4959131079189981
fiscal_expansion,infl_q_ann,17,-0.0338298645262968,-0.6361550923943211,0.44423410171383887
fiscal_expansion,infl_q_ann,18,-0.056409479104289104,-0.6922246769827634,0.39646771798342245
fiscal_expansion,infl_q_ann,19,-0.07108511148034599,-0.6799090215962915,0.36181718735447177
fiscal_expansion,infl_q_ann,20,-0.0833179427709671,-0.6972108792222963,0.3273149356424587
fiscal_expansion,gdp_q_ann,0,-0.36346223032586134,-8.90345978017371,6.086738844915644
fiscal_expansion,gdp_q_ann,1,0.9005502641036612,0.19886735250669269,2.7919271738442832
fiscal_expansion,gdp_q_ann,2,1.0940279815454392,0.3793903316857296,2.7870124510941143
fiscal_expansion,gdp_q_ann,3,1.0251872167845186,0.44497864788342145,2.342392786191681
fiscal_expansion,gdp_q_ann,4,0.856280354061853,0.30175466728025696,1.9678808657177451
fiscal_expansion,gdp_q_ann,5,0.7622324839128161,0.23013799317698386,1.7853060255427309
fiscal_expansion,gdp_q_ann,6,0.6457564993798445,0.1365734152704305,1.632746469381777
fiscal_expansion,gdp_q_ann,7,0.5479255207329297,0.030100799212246836,1.4138701759060153
fiscal_expansion,gdp_q_ann,8,0.44786347682140715,-0.059261917989283604,1.2110076900752835
fiscal_expansion,gdp_q_ann,9,0.3549223003679215,-0.12889831774980204,1.0552205642275772
fiscal_expansion,gdp_q_ann,10,0.2769564832268884,-0.23486086827222166,0.9250882545374257
fiscal_expansion,gdp_q_ann,11,0.2089591414552298,-0.33864418673126817,0.8199486401368158
fiscal_expansion,gdp_q_ann,12,0.15443313737399808,-0.43196598659115804,0.7306177177013001
fiscal_expansion,gdp_q_ann,13,0.09898051806317726,-0.5268669218816556,0.6487942683505181
fiscal_expansion,gdp_q_ann,14,0.0508957429037732,-0.5725523711735208,0.5733690066268269
fiscal_expansion,gdp_q_ann,15,0.009001789675876037,-0.6221876369654195,0.5121999101033966
fiscal_expansion,gdp_q_ann,16,-0.02202581354460674,-0.6865893546196861,0.4626482812478293
fiscal_expansion,gdp_q_ann,17,-0.04762570611629385,-0.7084201456892006,0.4077931336121011
fiscal_expansion,gdp_q_ann,18,-0.0678993983433924,-0.714156531927626,0.362912770650603
fiscal_expansion,gdp_q_ann,19,-0.08152492366850564,-0.7347057532276752,0.3165693958587023
fiscal_expansion,gdp_q_ann,20,-0.09983129324702977,-0.7490506212404143,0.28232743111130465
fiscal_expansion,policy_rate,0,0.29417563792692325,-1.2711895275408491,1.530690237027238
fiscal_expansion,policy_rate,1,0.3970417150038744,-0.9682505466315451,1.7048264834734843
fiscal_expansion,policy_rate,2,0.5192950797280336,-0.5738891776172446,1.9409108550842369
fiscal_expansion,policy_rate,3,0.5933823403186437,-0.3752978620658035,2.10209659758767
fiscal_expansion,policy_rate,4,0.6466023683116887,-0.265515678393234,2.245821712444387
fiscal_expansion,policy_rate,5,0.6667479395504923,-0.2541873602191909,2.329490010157086
fiscal_expansion,policy_rate,6,0.6916169391737063,-0.1960213612304011,2.4604826356865686
fiscal_expansion,policy_rate,7,0.7043404047957134,-0.18828948977831683,2.5299159047999566
fiscal_expansion,policy_rate,8,0.7040576405058827,-0.18880202392669412,2.5525053250979575
fiscal_expansion,policy_rate,9,0.6810722612630407,-0.21927311851106318,2.5194770472312116
fiscal_expansion,policy_rate,10,0.6382388523438107,-0.22226704679060375,2.450731885961537
fiscal_expansion,policy_rate,11,0.6008312265149727,-0.2495020326166124,2.3514969662781975
fiscal_expansion,policy_rate,12,0.5738583193883148,-0.2809981805481539,2.2597732713096144
fiscal_expansion,policy_rate,13,0.5430832818622084,-0.32803696120144343,2.1673510740550586
fiscal_expansion,policy_rate,14,0.5007200866900008,-0.33287568736555645,2.1249653217781925
fiscal_expansion,policy_rate,15,0.4562457811738153,-0.34812819353026897,2.051399258151611
fiscal_expansion,policy_rate,16,0.4122877761299924,-0.3775721360293211,1.9927649908756075
fiscal_expansion,policy_rate,17,0.3723683872868116,-0.39486904086218855,1.8961176081119
fiscal_expansion,policy_rate,18,0.33163683985424675,-0.4064048732797466,1.8397394696934295
fiscal_expansion,policy_rate,19,0.2865037740685955,-0.43079716154365755,1.7115999996826399
fiscal_expansion,policy_rate,20,0.26392740182635155,-0.46544947697743594,1.6837830643483844
fiscal_expansion,gg_deficit_pct_gdp,0,-1.778378699990285,-1.778378699993766,-1.7783786999776459
fiscal_expansion,gg_deficit_pct_gdp,1,-2.1134397549120427,-2.6810884383284557,-1.724850912760197
fiscal_expansion,gg_deficit_pct_gdp,2,-2.176116096598617,-3.415302490829814,-1.52381917351742
fiscal_expansion,gg_deficit_pct_gdp,3,-2.060404046804976,-3.6543100242372444,-1.1866340571106269
fiscal_expansion,gg_deficit_pct_gdp,4,-1.8758939925091702,-3.609800946979692,-0.9020235928002338
fiscal_expansion,gg_deficit_pct_gdp,5,-1.6605723987590089,-3.448879291556184,-0.5983885123131533
fiscal_expansion,gg_deficit_pct_gdp,6,-1.4456465306738937,-3.2019780964628652,-0.3549304187367975
fiscal_expansion,gg_deficit_pct_gdp,7,-1.2540361143263503,-2.8871117233260493,-0.1383985163277598
fiscal_expansion,gg_deficit_pct_gdp,8,-1.029836126515441,-2.6273707466791625,0.03557517608636237
fiscal_expansion,gg_deficit_pct_gdp,9,-0.813160373487247,-2.4103022034532584,0.27655112226681094
fiscal_expansion,gg_deficit_pct_gdp,10,-0.6618654938132421,-2.2293431706078786,0.4871789040619291
fiscal_expansion,gg_deficit_pct_gdp,11,-0.5269531771081946,-1.9884348106383452,0.6193434554110626
fiscal_expansion,gg_deficit_pct_gdp,12,-0.4029230440829735,-1.8116364892138186,0.7667346917783009
fiscal_expansion,gg_deficit_pct_gdp,13,-0.26709841182054306,-1.6722989557193306,0.9059747588833432
fiscal_expansion,gg_deficit_pct_gdp,14,-0.17886981623596404,-1.4920380124062962,1.0405397914569057
fiscal_expansion,gg_deficit_pct_gdp,15,-0.09360751757961305,-1.3690692673781288,1.1482811116078253
fiscal_expansion,gg_deficit_pct_gdp,16,-0.020201276161007274,-1.2617103725651724,1.2147172317943422
fiscal_expansion,gg_deficit_pct_gdp,17,0.05862977033033556,-1.1490127155147345,1.3280177952083292
fiscal_expansion,gg_deficit_pct_gdp,18,0.11454834468238845,-1.0455398518314913,1.4162734673852253
fiscal_expansion,gg_deficit_pct_gdp,19,0.158975951990679,-0.9069094779197523,1.4631905365682214
fiscal_expansion,gg_deficit_pct_gdp,20,0.19641985426889103,-0.8110187229052404,1.486851858842724
fiscal_expansion,gg_debt_pct_gdp,0,3.591201139240643,1.0148915721450469,9.706226798109478
fiscal_expansion,gg_debt_pct_gdp,1,2.970113552785329,0.9804984679363677,7.987023542467286
fiscal_expansion,gg_debt_pct_gdp,2,2.956975760551134,0.9343423588355354,7.283227307334227
fiscal_expansion,gg_debt_pct_gdp,3,2.718356467233476,0.968838785705795,6.651411879613086
fiscal_expansion,gg_debt_pct_gdp,4,2.571741129973012,0.8785015245636862,6.2359815936216005
fiscal_expansion,gg_debt_pct_gdp,5,2.4207235330243906,0.7770326035934786,6.083626539764489
fiscal_expansion,gg_debt_pct_gdp,6,2.2655960414627354,0.5131809745331924,5.905459118055731
fiscal_expansion,gg_debt_pct_gdp,7,2.084783492249011,0.22709931151352544,5.4983800063579755
fiscal_expansion,gg_debt_pct_gdp,8,1.9056255100081834,-0.008809995490277089,5.338483807219483
fiscal_expansion,gg_debt_pct_gdp,9,1.7946900804836095,-0.31027192813254084,5.365404861580151
fiscal_expansion,gg_debt_pct_gdp,10,1.6405646503360378,-0.5867536094190343,5.273510362740159
fiscal_expansion,gg_debt_pct_gdp,11,1.494743808552922,-0.8656209757377892,5.117407907649332
fiscal_expansion,gg_debt_pct_gdp,12,1.3590195407807133,-1.117926719775157,5.100888817435118
fiscal_expansion,gg_debt_pct_gdp,13,1.2530975179510522,-1.5269550127374232,5.013677396849027
fiscal_expansion,gg_debt_pct_gdp,14,1.151590193893064,-1.7748649551570166,4.831953175751611
fiscal_expansion,gg_debt_pct_gdp,15,1.0143461548219077,-2.02699549878175,4.745686418595115
fiscal_expansion,gg_debt_pct_gdp,16,0.941738093220696,-2.345284660020971,4.7149394404051765
fiscal_expansion,gg_debt_pct_gdp,17,0.8602268263596617,-2.6011780379694613,4.567036296208068
fiscal_expansion,gg_debt_pct_gdp,18,0.8054237982934572,-2.9031383410944476,4.588792464939572
fiscal_expansion,gg_debt_pct_gdp,19,0.7062600225178481,-3.075336543332535,4.495067706977671
fiscal_expansion,gg_debt_pct_gdp,20,0.6328012589499384,-3.1953247933225732,4.46882324015894
fiscal_expansion,level,0,0.6352822470545909,0.12821526540582093,2.1895924686868837
fiscal_expansion,level,1,0.6608054324532934,0.11755047551270048,2.226052489408553
fiscal_expansion,level,2,0.6879285885169333,0.10689759075680752,2.1957850264914947
fiscal_expansion,level,3,0.7255461864160087,0.1017185698012352,2.214544336639489
fiscal_expansion,level,4,0.7282502841477163,0.11072323959022648,2.2953003783266532
fiscal_expansion,level,5,0.7343057658377442,0.11421114383680644,2.2805795576678993
fiscal_expansion,level,6,0.727753431200585,0.11189008578735508,2.3976771124677057
fiscal_expansion,level,7,0.7215459330731429,0.10467644709013081,2.348368457656298
fiscal_expansion,level,8,0.7417311335418422,0.07711293906759299,2.3632465101937137
fiscal_expansion,level,9,0.7208382891912009,0.05193623978305715,2.3431739812584165
fiscal_expansion,level,10,0.690396838600136,0.03266729889784853,2.2438032861885064
fiscal_expansion,level,11,0.641370729072049,0.01210366790760481,2.1988230227017884
fiscal_expansion,level,12,0.6112144132753781,-0.01058921317935037,2.1056057516815847
fiscal_expansion,level,13,0.569884920838277,-0.03772348159509557,2.0653189631791817
fiscal_expansion,level,14,0.5427382344752026,-0.07117515770178325,2.0032891427556856
fiscal_expansion,level,15,0.5067517442008503,-0.09946924351371997,1.9280075445636808
fiscal_expansion,level,16,0.4649828960406491,-0.1366989181487098,1.8926895427362231
fiscal_expansion,level,17,0.42192983144436985,-0.16399650576714378,1.813245266755804
fiscal_expansion,level,18,0.38383550368919306,-0.1847460192025906,1.773503212879076
fiscal_expansion,level,19,0.3478636816593168,-0.20767106158301007,1.706448209941935
fiscal_expansion,level,20,0.3021174593150465,-0.229134284148553,1.651515505872982
fiscal_expansion,slope_10y_1y,0,-0.24560945525837422,-1.5973016671861666,1.25908593528019
fiscal_expansion,slope_10y_1y,1,-0.17628247431554803,-1.3915964407569268,1.2738181425302795
fiscal_expansion,slope_10y_1y,2,-0.11005243779990741,-1.1864752357872261,1.1592787674741003
fiscal_expansion,slope_10y_1y,3,-0.07185685469640099,-1.0360882602437038,0.9747331248309488
fiscal_expansion,slope_10y_1y,4,-0.04155235887037148,-0.9019273641714756,0.8338354998065535
fiscal_expansion,slope_10y_1y,5,-0.019872036143715917,-0.7814612670848383,0.7827137015714637
fiscal_expansion,slope_10y_1y,6,-0.0019280614737807694,-0.690262369836054,0.7143648183984864
fiscal_expansion,slope_10y_1y,7,0.009454594260360093,-0.6210389138219924,0.6669445516859546
fiscal_expansion,slope_10y_1y,8,0.029760145250489804,-0.5586958159959711,0.6177306563999022
fiscal_expansion,slope_10y_1y,9,0.028525053934967695,-0.5611894669356869,0.5806525649743893
fiscal_expansion,slope_10y_1y,10,0.031608911606037585,-0.5119482233952721,0.5404503412466711
fiscal_expansion,slope_10y_1y,11,0.03461715545551415,-0.49605561521311264,0.5116716331954049
fiscal_expansion,slope_10y_1y,12,0.033269315121073416,-0.4821378504314646,0.504526368835884
fiscal_expansion,slope_10y_1y,13,0.028477869328886296,-0.46842723119292606,0.5075853833907835
fiscal_expansion,slope_10y_1y,14,0.027184686786841307,-0.4388217988926908,0.5000973094769064
fiscal_expansion,slope_10y_1y,15,0.02287665179224611,-0.4318348035374061,0.4717839109461227
fiscal_expansion,slope_10y_1y,16,0.013564059873623366,-0.41706486730207626,0.4462318000812254
fiscal_expansion,slope_10y_1y,17,0.012201956499218332,-0.4245622919569776,0.4392912705712012
fiscal_expansion,slope_10y_1y,18,0.0038210647239620447,-0.40962888731383446,0.42030675902723863
fiscal_expansion,slope_10y_1y,19,-0.0014716217183233199,-0.39851273598983267,0.41450041944129434
fiscal_expansion,slope_10y_1y,20,0.0014723630250375805,-0.39108763538829594,0.4162485391421167
fiscal_expansion,curvature_ns_like,0,0.2527367830877545,-0.44442091779086096,1.6857537463154821
fiscal_expansion,curvature_ns_like,1,0.16571615528933142,-0.3607583203062654,1.200224543217365
fiscal_expansion,curvature_ns_like,2,0.09825341225152606,-0.29749276458421203,0.8445443146308881
fiscal_expansion,curvature_ns_like,3,0.049786751207094075,-0.25256731506604974,0.590018214636608
fiscal_expansion,curvature_ns_like,4,0.01589819164861602,-0.24169786254475506,0.39342645210261407
fiscal_expansion,curvature_ns_like,5,-0.012192829215510393,-0.24727637808178451,0.270351039550387
fiscal_expansion,curvature_ns_like,6,-0.02829234923401409,-0.25529847821761187,0.20569137847942054
fiscal_expansion,curvature_ns_like,7,-0.04613820047920944,-0.27382188250677286,0.1472629318157372
fiscal_expansion,curvature_ns_like,8,-0.057141220595238996,-0.2862582252008363,0.11733342098912017
fiscal_expansion,curvature_ns_like,9,-0.0640144925524184,-0.29876463376262086,0.09704132732026045
fiscal_expansion,curvature_ns_like,10,-0.07209400941356373,-0.2999092206672466,0.07221377622172367
fiscal_expansion,curvature_ns_like,11,-0.0783605103327669,-0.2994445359256155,0.0493495639070932
fiscal_expansion,curvature_ns_like,12,-0.08501519227259925,-0.2980883012677038,0.03856963819232911
fiscal_expansion,curvature_ns_like,13,-0.08769574069989518,-0.30054069553644747,0.02848645160959863
fiscal_expansion,curvature_ns_like,14,-0.08887418399739079,-0.2920160082244299,0.019858437975441515
fiscal_expansion,curvature_ns_like,15,-0.08861068898546347,-0.3000990570020446,0.017580964984258797
fiscal_expansion,curvature_ns_like,16,-0.08920242543248949,-0.29969214061554417,0.017322811362958736
fiscal_expansion,curvature_ns_like,17,-0.08586516226196558,-0.2935146229326285,0.01582136368197659
fiscal_expansion,curvature_ns_like,18,-0.08442611860478172,-0.2819936922984404,0.015922065503995303
fiscal_expansion,curvature_ns_like,19,-0.08214052738831566,-0.27200694178720136,0.01580666762126699
fiscal_expansion,curvature_ns_like,20,-0.07905736644291295,-0.27308574200653857,0.017954894898179686
monetary_tightening,infl_q_ann,0,-3.134864468429574,-28.729421801487025,8.284692849004593
monetary_tightening,infl_q_ann,1,-1.4307796566758841,-6.509045282869466,-0.3009310034616945
monetary_tightening,infl_q_ann,2,-2.109584414316547,-11.31671704640123,-0.3497327866031196
monetary_tightening,infl_q_ann,3,-1.2770814296862945,-6.024987588371116,-0.35674116374875153
monetary_tightening,infl_q_ann,4,-1.3511405225047393,-6.296531170597182,-0.3322981275029517
monetary_tightening,infl_q_ann,5,-0.887027117130981,-4.232567331749389,-0.10005769039345914
monetary_tightening,infl_q_ann,6,-0.8243856699924136,-3.8724395944619547,-0.03061307025710539
monetary_tightening,infl_q_ann,7,-0.5957383369477295,-3.031865364223344,0.15566831633651218
monetary_tightening,infl_q_ann,8,-0.5050207642272271,-2.490644707324837,0.2835707371533514
monetary_tightening,infl_q_ann,9,-0.4062439470222022,-2.2367935125977847,0.5087280785305756
monetary_tightening,infl_q_ann,10,-0.32111616986553626,-1.9520805331638567,0.5766616918259138
monetary_tightening,infl_q_ann,11,-0.2611141537560423,-1.6488982457750518,0.6723945053112083
monetary_tightening,infl_q_ann,12,-0.20933457843517034,-1.4849892668503817,0.7740994744845663
monetary_tightening,infl_q_ann,13,-0.16088992581816006,-1.3261160624005257,0.8453260651757089
monetary_tightening,infl_q_ann,14,-0.12541503259644426,-1.148343915874836,0.8958961426193073
monetary_tightening,infl_q_ann,15,-0.10152049389599335,-1.0210485766457695,0.9117841157782504
monetary_tightening,infl_q_ann,16,-0.06568000160709295,-0.939115807064505,1.0146899989654896
monetary_tightening,infl_q_ann,17,-0.04389125348577065,-0.8191795664199083,0.9748262464572498
monetary_tightening,infl_q_ann,18,-0.025623395512326966,-0.7479560346734667,0.9845090156794175
monetary_tightening,infl_q_ann,19,-0.013493848702019431,-0.7130905183845522,1.0761357192718766
monetary_tightening,infl_q_ann,20,-0.0061480260028226735,-0.6765682538750939,1.0999706895500918
monetary_tightening,gdp_q_ann,0,-2.467732319619291,-24.580549170648236,11.692782723372536
monetary_tightening,gdp_q_ann,1,-2.1342359873223815,-10.092330393354638,-0.35723624797534675
monetary_tightening,gdp_q_ann,2,-1.6723968109316296,-7.143469213815732,-0.376604887425069
monetary_tightening,gdp_q_ann,3,-1.2903567145915642,-5.995133234565076,-0.3738101340365408
monetary_tightening,gdp_q_ann,4,-0.9441566538738094,-4.74227707318619,-0.20852983682190152
monetary_tightening,gdp_q_ann,5,-0.7920125279436763,-3.7442405452675076,-0.08887399763323364
monetary_tightening,gdp_q_ann,6,-0.6396092843887182,-3.303649601496089,0.020123452346000315
monetary_tightening,gdp_q_ann,7,-0.5226220170727889,-3.0012553055129203,0.18510956101595316
monetary_tightening,gdp_q_ann,8,-0.43487745609063,-2.4579846779080237,0.34670979786163925
monetary_tightening,gdp_q_ann,9,-0.376249608063867,-2.0693378874386026,0.5089259165902208
monetary_tightening,gdp_q_ann,10,-0.3183238388423433,-1.6815341578085172,0.6164352636100943
monetary_tightening,gdp_q_ann,11,-0.25496097607042856,-1.4678552830197038,0.7466140784448743
monetary_tightening,gdp_q_ann,12,-0.20060103984513689,-1.3084394898932121,0.8514624291034272
monetary_tightening,gdp_q_ann,13,-0.15673243243429258,-1.1380979532884528,0.9580582665653946
monetary_tightening,gdp_q_ann,14,-0.11387344670372998,-1.0531413812906252,1.0431760733467423
monetary_tightening,gdp_q_ann,15,-0.07279490039672515,-0.9605129634082151,1.0744000147017359
monetary_tightening,gdp_q_ann,16,-0.05093174737543596,-0.8937537826433067,1.1296009428147322
monetary_tightening,gdp_q_ann,17,-0.02790350953728388,-0.8516349518212527,1.1621474072709128
monetary_tightening,gdp_q_ann,18,-0.010296566156868012,-0.7822584897201196,1.1525435178317778
monetary_tightening,gdp_q_ann,19,0.0018374953981205727,-0.7274655698749126,1.1477535948358466
monetary_tightening,gdp_q_ann,20,0.013322424026593976,-0.7050750120719989,1.2259197963088504
monetary_tightening,policy_rate,0,1.4825999999848243,1.4825999999361885,1.482599999991953
monetary_tightening,policy_rate,1,1.083378330966923,-0.18956907370795006,1.6709737883314941
monetary_tightening,policy_rate,2,0.5219327883391004,-2.0900486539745375,1.3385114733651724
monetary_tightening,policy_rate,3,0.11256739003781882,-3.4922589826628374,1.161488480844506
monetary_tightening,policy_rate,4,-0.15226764038839816,-4.580505759101815,0.9912110907043443
monetary_tightening,policy_rate,5,-0.3282081904070673,-5.087351488881354,0.8759013066743052
monetary_tightening,policy_rate,6,-0.482012617709482,-5.535227402775821,0.7863677192678942
monetary_tightening,policy_rate,7,-0.5787641909180918,-5.788756755337685,0.6917415943275826
monetary_tightening,policy_rate,8,-0.6138939232503549,-5.774165438742459,0.6318213860311607
monetary_tightening,policy_rate,9,-0.6278589361337559,-5.78996458849155,0.5815417101700836
monetary_tightening,policy_rate,10,-0.6480582697433306,-5.781739059836153,0.5630371779864726
monetary_tightening,policy_rate,11,-0.640553534618272,-5.836859037254993,0.544812271672499
monetary_tightening,policy_rate,12,-0.6075857533649689,-5.806275488572287,0.5187488405525597
monetary_tightening,policy_rate,13,-0.5805646506475617,-5.506110988003474,0.5168788150750504
monetary_tightening,policy_rate,14,-0.5231874169926785,-5.5152490618187,0.5145191870368188
monetary_tightening,policy_rate,15,-0.4937901527606956,-5.021691545518301,0.4934859228220619
monetary_tightening,policy_rate,16,-0.4514013479274287,-4.6317827386830706,0.5371326603658796
monetary_tightening,policy_rate,17,-0.4109044733804282,-4.293071704495767,0.5487011658887179
monetary_tightening,policy_rate,18,-0.37382096716170743,-3.8135362360530554,0.5873807948380271
monetary_tightening,policy_rate,19,-0.3590371267935809,-3.6191878948197083,0.5832341875291933
monetary_tightening,policy_rate,20,-0.33753607084618886,-3.4421239856264503,0.571894863623746
monetary_tightening,gg_deficit_pct_gdp,0,1.2988083380465603,-0.9348103426975253,7.600087368026751
monetary_tightening,gg_deficit_pct_gdp,1,1.576116970326523,-0.9678099303893904,9.247857416942958
monetary_tightening,gg_deficit_pct_gdp,2,1.5875402994662149,-0.9291187625694426,9.092046341280136
monetary_tightening,gg_deficit_pct_gdp,3,1.495065856602936,-0.9751749563936905,8.18417796819689
monetary_tightening,gg_deficit_pct_gdp,4,1.4074976113044453,-0.9939560492233057,7.661541703199371
monetary_tightening,gg_deficit_pct_gdp,5,1.2708234291391074,-1.0849502623760168,6.889859301400805
monetary_tightening,gg_deficit_pct_gdp,6,1.162409016548225,-1.0898975771382298,5.878650536455198
monetary_tightening,gg_deficit_pct_gdp,7,1.056751320714692,-1.1617088652380503,5.35624579361394
monetary_tightening,gg_deficit_pct_gdp,8,0.9250130409148041,-1.1749205446788622,4.9555178410656735
monetary_tightening,gg_deficit_pct_gdp,9,0.8028173378518084,-1.2382176935634162,4.621478528342262
monetary_tightening,gg_deficit_pct_gdp,10,0.6997516499477183,-1.3788311851383135,4.256704622462901
monetary_tightening,gg_deficit_pct_gdp,11,0.5666016209920967,-1.3528393458608532,3.8442334406830363
monetary_tightening,gg_deficit_pct_gdp,12,0.5145855071265928,-1.5395570205880338,3.532065065424095
monetary_tightening,gg_deficit_pct_gdp,13,0.4446916268065886,-1.4642633420401783,3.1390077260155542
monetary_tightening,gg_deficit_pct_gdp,14,0.35301813207152105,-1.5269783096086895,3.022939428238346
monetary_tightening,gg_deficit_pct_gdp,15,0.2677852732788223,-1.509414203246645,2.8510072971857854
monetary_tightening,gg_deficit_pct_gdp,16,0.21901110073687408,-1.4948825764144846,2.5998372464558837
monetary_tightening,gg_deficit_pct_gdp,17,0.17168856629106372,-1.5136561008578018,2.3609831704405635
monetary_tightening,gg_deficit_pct_gdp,18,0.12561509228634138,-1.570246524906784,2.176011804473103
monetary_tightening,gg_deficit_pct_gdp,19,0.1043575515497048,-1.5826874782944862,1.9923152665502837
monetary_tightening,gg_deficit_pct_gdp,20,0.07509140922903135,-1.6537290233916573,1.9015772522447847
monetary_tightening,gg_debt_pct_gdp,0,-2.0188171087610702,-15.995096379785545,3.6826429772295235
monetary_tightening,gg_debt_pct_gdp,1,-0.6743641136112859,-11.528457867117176,6.196355437560856
monetary_tightening,gg_debt_pct_gdp,2,-0.216682579674063,-10.71641291727057,9.804098680352835
monetary_tightening,gg_debt_pct_gdp,3,0.10314673880589319,-9.939403268868302,11.652950884557393
monetary_tightening,gg_debt_pct_gdp,4,0.3928902383488957,-9.021042008954783,13.493263999839652
monetary_tightening,gg_debt_pct_gdp,5,0.5800143917362444,-8.442317185458043,13.620047114913785
monetary_tightening,gg_debt_pct_gdp,6,0.6693565434780744,-8.392662928699707,14.450565084730465
monetary_tightening,gg_debt_pct_gdp,7,0.8072514774260501,-8.361583399962418,14.790363541959513
monetary_tightening,gg_debt_pct_gdp,8,0.8717807865267737,-7.8500835206458035,15.032280139021365
monetary_tightening,gg_debt_pct_gdp,9,0.9365012398808226,-7.782974636843746,15.01208571085561
monetary_tightening,gg_debt_pct_gdp,10,0.9821852466441795,-7.83751478307333,15.597775795246326
monetary_tightening,gg_debt_pct_gdp,11,1.046481822215051,-7.812228452352182,15.44775975022473
monetary_tightening,gg_debt_pct_gdp,12,0.95713826588846,-7.531276640266533,15.453839637259483
monetary_tightening,gg_debt_pct_gdp,13,0.9550524425574713,-7.465017789341628,14.935446726843322
monetary_tightening,gg_debt_pct_gdp,14,0.9200790070060911,-7.1108302762543,15.279022019008945
monetary_tightening,gg_debt_pct_gdp,15,0.872977722664157,-6.931238762526731,14.778968963397878
monetary_tightening,gg_debt_pct_gdp,16,0.8394658364596786,-7.178853807278978,14.318385309517405
monetary_tightening,gg_debt_pct_gdp,17,0.7464391240300647,-6.999747272716268,13.759722423421959
monetary_tightening,gg_debt_pct_gdp,18,0.6452879531079334,-6.729610054425229,13.29680428434934
monetary_tightening,gg_debt_pct_gdp,19,0.6403834404171987,-6.467653689176627,12.948023842144794
monetary_tightening,gg_debt_pct_gdp,20,0.6358801628590418,-6.52147775162555,12.662087209813334
monetary_tightening,level,0,0.103617477976647,-3.147591807825802,1.8288319804871134
monetary_tightening,level,1,-0.03460973780115026,-3.6127039520152473,1.477350858000075
monetary_tightening,level,2,-0.21821802948228128,-4.239568932266437,1.2240359512182977
monetary_tightening,level,3,-0.3874655270754715,-4.446130249736145,1.038358088546351
monetary_tightening,level,4,-0.49103140942470425,-4.906873541569656,0.8833143787882055
monetary_tightening,level,5,-0.5558726909194369,-4.990241282772781,0.7758525200247102
monetary_tightening,level,6,-0.6289562018680247,-5.148698946081606,0.6374761226957212
monetary_tightening,level,7,-0.647576356021931,-5.251584509215134,0.5393204230955309
monetary_tightening,level,8,-0.6638460170521931,-5.177065575363493,0.4755722174518921
monetary_tightening,level,9,-0.6895472655128878,-5.134300368501616,0.4358310525046576
monetary_tightening,level,10,-0.6751392417156052,-5.121280354749001,0.37167326225439545
monetary_tightening,level,11,-0.6596237027923824,-5.036492497282411,0.37979404703356573
monetary_tightening,level,12,-0.6296158033958684,-4.690330981964912,0.36632113509011177
monetary_tightening,level,13,-0.6157582066876097,-4.59784727152264,0.3442645694734525
monetary_tightening,level,14,-0.6026670425720284,-4.597045853764103,0.35521585952269336
monetary_tightening,level,15,-0.5894931673832882,-4.626937914797842,0.354827581919214
monetary_tightening,level,16,-0.5559380922143771,-4.419694653423852,0.36425140693434255
monetary_tightening,level,17,-0.539650061600438,-4.300967146179627,0.37010474072844746
monetary_tightening,level,18,-0.5179556799604144,-4.201114949744385,0.4024485553675942
monetary_tightening,level,19,-0.47683636001710217,-3.912215782274042,0.4147465043106356
monetary_tightening,level,20,-0.4660243171066164,-3.9396317571359005,0.43198290891330626
monetary_tightening,slope_10y_1y,0,-1.320693451122231,-4.001450027629879,-0.41611722222024033
monetary_tightening,slope_10y_1y,1,-1.223133788189609,-3.761124861722407,-0.42368160716443914
monetary_tightening,slope_10y_1y,2,-0.9806827684584234,-3.380095530489499,-0.2632701203302367
monetary_tightening,slope_10y_1y,3,-0.7914514952479983,-2.7362484512415812,-0.11231737453159554
monetary_tightening,slope_10y_1y,4,-0.6201831323967901,-2.4135654573135352,-0.004407546875361593
monetary_tightening,slope_10y_1y,5,-0.4870375452103287,-2.0237286242216337,0.10523386353809452
monetary_tightening,slope_10y_1y,6,-0.406861480821446,-1.7290635614209704,0.1665859466180317
monetary_tightening,slope_10y_1y,7,-0.33762692513092324,-1.5405020578726571,0.2091038150866137
monetary_tightening,slope_10y_1y,8,-0.2828773461291044,-1.428516190306781,0.2573472313472515
monetary_tightening,slope_10y_1y,9,-0.23432474677598014,-1.4019513779592125,0.30673041030185805
monetary_tightening,slope_10y_1y,10,-0.2161866783152282,-1.264700019393506,0.34616947213117977
monetary_tightening,slope_10y_1y,11,-0.18897604888978142,-1.1861159449054641,0.37287199127358495
monetary_tightening,slope_10y_1y,12,-0.16431984286644435,-1.127414358557261,0.3724330452176532
monetary_tightening,slope_10y_1y,13,-0.13959992774485674,-1.0330207064092045,0.38982987384370626
monetary_tightening,slope_10y_1y,14,-0.11755491173813076,-1.0132750260116516,0.42775354356270934
monetary_tightening,slope_10y_1y,15,-0.10461236742136078,-0.9372712813413707,0.4684694331313922
monetary_tightening,slope_10y_1y,16,-0.09786224488503563,-0.9129600710117481,0.4614789165827355
monetary_tightening,slope_10y_1y,17,-0.09257288007427839,-0.9173344246467049,0.4590131671532194
monetary_tightening,slope_10y_1y,18,-0.0806543794480665,-0.8887446835647396,0.49065107745491354
monetary_tightening,slope_10y_1y,19,-0.07311366289882426,-0.8809134847123492,0.4720565026719496
monetary_tightening,slope_10y_1y,20,-0.07240149781843078,-0.8712400198571875,0.48931115287918564
monetary_tightening,curvature_ns_like,0,-1.249056649080382,-4.318351602278661,-0.23356420706738965
monetary_tightening,curvature_ns_like,1,-0.9120021495583012,-3.155335697710491,-0.24757198545467393
monetary_tightening,curvature_ns_like,2,-0.6623904708469173,-2.4816304139061534,-0.17118232184436394
monetary_tightening,curvature_ns_like,3,-0.47240780582929,-1.7979584917630227,-0.12912999774759026
monetary_tightening,curvature_ns_like,4,-0.3520036122131491,-1.2856536284019804,-0.08576768514482394
monetary_tightening,curvature_ns_like,5,-0.27079675548688975,-1.0003797940486305,-0.020263034622925793
monetary_tightening,curvature_ns_like,6,-0.20611162400675112,-0.7387787389228487,0.03906685851746245
monetary_tightening,curvature_ns_like,7,-0.15801805088976464,-0.6028906021985719,0.09924776378046095
monetary_tightening,curvature_ns_like,8,-0.12172294182582853,-0.49489409059800504,0.1679186902266949
monetary_tightening,curvature_ns_like,9,-0.09229369057698844,-0.38833805167838376,0.19639723318798555
monetary_tightening,curvature_ns_like,10,-0.06689955959963921,-0.3428072931106071,0.23619640881358342
monetary_tightening,curvature_ns_like,11,-0.05034390682767781,-0.3044386120272836,0.29194136817205846
monetary_tightening,curvature_ns_like,12,-0.036384431916764035,-0.28882710559181424,0.326063250147931
monetary_tightening,curvature_ns_like,13,-0.024531001519799575,-0.25239123670756425,0.3402530507048811
monetary_tightening,curvature_ns_like,14,-0.01608336086887787,-0.26747136770773783,0.337314198056291
monetary_tightening,curvature_ns_like,15,-0.01367376143345507,-0.25320858470077356,0.3726227102243073
monetary_tightening,curvature_ns_like,16,-0.008160325294384369,-0.24274613846963988,0.3842909138617128
monetary_tightening,curvature_ns_like,17,-0.0021581970396748235,-0.25365746813457263,0.3819383599800429
monetary_tightening,curvature_ns_like,18,0.0018565817975147992,-0.24078536221996868,0.37115651663247806
monetary_tightening,curvature_ns_like,19,0.001985058784500619,-0.24527447237478234,0.4061383652201835
monetary_tightening,curvature_ns_like,20,0.0055273948338942286,-0.23141828498066605,0.3902725937646358
